review_priority,entity_id,name,address,latitude,longitude,geocoder_status,reference_latitude,reference_longitude,reference_display_name,distance_m,consistency_decision,address_specificity,likely_root_cause
1,london_poi_42079.0,Acorn 20/20,20 Richmond Rd,51.41304021,-0.300514441,resolved,51.5656244,0.0012672,"20, Richmond Road, Leytonstone, London Borough of Waltham Forest, Greater London, England, E11 4BA, United Kingdom",26915.4,suspicious,street_number,address_coordinate_mismatch_candidate
1,london_poi_63724.0,The Corrib Rest,82 Salisbury Rd,51.53711593,-0.206589439,resolved,51.6555864,-0.2066764,"82, Salisbury Road, High Barnet, London Borough of Barnet, Greater London, England, EN5 4JL, United Kingdom",13173.3,suspicious,street_number,address_coordinate_mismatch_candidate
2,london_poi_247396.0,Carlton Club,"69 Saint James's Street, London, United Kingdom",51.505895,-0.13879,unresolved,,,,,unresolved,street_number,geocoder_unresolved
2,london_poi_247671.0,Naval & Military Club,"4 Saint James's Square, London, United Kingdom",51.508067,-0.134922,unresolved,,,,,unresolved,street_number,geocoder_unresolved
2,london_poi_247775.0,Floatworks LTD,"1 Thrale Street, City of London, United Kingdom",51.504955,-0.094164,unresolved,,,,,unresolved,street_number,geocoder_unresolved
3,london_poi_49699.0,Kneller Gardens,United Kingdom,51.447176,-0.34902,resolved,51.5029954,-0.0014602,"United Kingdom, Blackwall Tunnel, Blackwall Reach, Greenwich Peninsula, Royal Borough of Greenwich, Greater London, England, E14 9PB, United Kingdom",24858.7,suspicious,country_only,underspecified_address
3,london_poi_58757.0,Waring Park,United Kingdom,51.431235,0.110132,resolved,51.5029954,-0.0014602,"United Kingdom, Blackwall Tunnel, Blackwall Reach, Greenwich Peninsula, Royal Borough of Greenwich, Greater London, England, E14 9PB, United Kingdom",11109.6,suspicious,country_only,underspecified_address
3,london_poi_45825.0,Barn Elms Playing Fields,"London, United Kingdom",51.474706,-0.234099,resolved,51.5074456,-0.1277653,"Greater London, England, United Kingdom",8212.8,suspicious,city_only,underspecified_address
3,london_poi_79543.0,Chemsford Square Open Space Tennis Courts,"London, United Kingdom",51.538531,-0.226065,resolved,51.5074456,-0.1277653,"Greater London, England, United Kingdom",7628.9,suspicious,city_only,underspecified_address
3,london_poi_46684.0,Italian Gardens,"London, United Kingdom",51.51077,-0.175695,resolved,51.5074456,-0.1277653,"Greater London, England, United Kingdom",3337.6,suspicious,city_only,underspecified_address
4,london_poi_249037.0,Fulham Fitness Studio | empowered by PTbyPT,"365 Fulham Palace Road, London, Fulham,, United Kingdom",51.474831,-0.214016,resolved,51.4821449,-0.2184541,"Fulham Palace Road, Hammersmith, London Borough of Hammersmith and Fulham, Greater London, England, SW6 6HP, United Kingdom",869.4,uncertain,street_number,boundary_or_geocoder_ambiguity
4,london_poi_74784.0,Royal Air Force Museum,"Grahame Park Way, London, United Kingdom",51.598695,-0.238396,resolved,51.5967653,-0.2462267,"Grahame Park Way, Grahame Park, Colindale, London Borough of Barnet, Greater London, England, NW9 5BJ, United Kingdom",581.9,uncertain,street_or_locality,boundary_or_geocoder_ambiguity
