category,n,positives,predicted_positives,prevalence,true_positive,false_positive,false_negative,true_negative,precision,recall,f1
art,2336,213,25,0.09118150684931507,24,1,189,2122,0.96,0.11267605633802817,0.20168067226890754
dance,2336,167,3,0.07148972602739725,2,1,165,2168,0.6666666666666666,0.011976047904191617,0.023529411764705882
drink,2336,646,0,0.276541095890411,0,0,646,1690,0.0,0.0,0.0
history,2336,119,14,0.05094178082191781,5,9,114,2208,0.35714285714285715,0.04201680672268908,0.07518796992481203
movie,2336,81,1,0.034674657534246575,0,1,81,2254,0.0,0.0,0.0
museum,2336,125,192,0.05351027397260274,94,98,31,2113,0.4895833333333333,0.752,0.5930599369085173
music,2336,304,5,0.13013698630136986,2,3,302,2029,0.4,0.006578947368421052,0.012944983818770225
nature,2336,637,3,0.2726883561643836,3,0,634,1699,1.0,0.004709576138147566,0.009375
nightlife,2336,394,0,0.16866438356164384,0,0,394,1942,0.0,0.0,0.0
restaurant,2336,428,1,0.1832191780821918,1,0,427,1908,1.0,0.002336448598130841,0.004662004662004662
sports,2336,493,17,0.2110445205479452,16,1,477,1842,0.9411764705882353,0.032454361054766734,0.06274509803921569
walk,2336,721,0,0.3086472602739726,0,0,721,1615,0.0,0.0,0.0
__micro_overall__,28032,4328,261,0.15439497716894976,147,114,4181,23590,0.5632183908045977,0.03396487985212569,0.06406624536936151
__macro_average__,28032,4328,261,0.15439497716894976,147,114,4181,23590,0.48454744397759103,0.08039568701036459,0.08193208978224444
