review_case_id,entity_id,name,category,public_label,gemini_decision,gemini_confidence,review_reason,reviewer_label,reviewer_confidence,resolution_type,reviewer_notes,reviewer_type,review_status
london_poi_247772.0::museum,london_poi_247772.0,Old Operating Theatre Museum & Herb Garret,museum,0,member,0.98,HIGH_CONFIDENCE_LABEL_CONFLICT,member,0.99,PUBLIC_LABEL_ERROR,Name and reviews clearly describe a visitor museum with historical surgical artefacts and interpretation.,assistant_first_pass,PROVISIONAL_ASSISTED_REVIEW
london_poi_247650.0::museum,london_poi_247650.0,Strand Gallery,museum,0,uncertain,0.6,UNCERTAIN,ambiguous,0.6,INSUFFICIENT_EVIDENCE,Small exhibition gallery; evidence does not establish institutional/non-commercial status or museum-like collection.,assistant_first_pass,PROVISIONAL_ASSISTED_REVIEW
london_poi_246990.0::museum,london_poi_246990.0,Guildhall,museum,1,not_member,0.8,LABEL_CONFLICT,not_member,0.9,PUBLIC_LABEL_ERROR,"Evidence describes a civic/historic building and seat of government, not a museum institution.",assistant_first_pass,PROVISIONAL_ASSISTED_REVIEW
london_poi_247405.0::museum,london_poi_247405.0,Science Museum IMAX,museum,1,not_member,0.85,LABEL_CONFLICT,not_member,0.9,ONTOLOGY_MISMATCH,Entity is the IMAX cinema amenity inside Science Museum; parent-child inheritance is an ontology boundary.,assistant_first_pass,PROVISIONAL_ASSISTED_REVIEW
london_poi_36669.0::museum,london_poi_36669.0,Orleans House Gallery,museum,0,member,0.88,LABEL_CONFLICT,member,0.85,PUBLIC_LABEL_ERROR,"Evidence supports a public visitor-oriented art gallery with galleries, classes and family cultural events; no commercial-sales evidence.",assistant_first_pass,PROVISIONAL_ASSISTED_REVIEW
london_poi_35622.0::museum,london_poi_35622.0,Somerset House,museum,1,not_member,0.85,LABEL_CONFLICT,not_member,0.85,ONTOLOGY_MISMATCH,Mixed-use cultural/historic venue with events and exhibitions; museum membership depends on whether mixed-use venues inherit museum category.,assistant_first_pass,PROVISIONAL_ASSISTED_REVIEW
london_poi_246848.0::museum,london_poi_246848.0,Contemporary Ceramics Centre,museum,1,uncertain,0.65,UNCERTAIN,ambiguous,0.55,INSUFFICIENT_EVIDENCE,"Ceramics display space, but evidence does not distinguish public interpretive institution from gallery/retail space.",assistant_first_pass,PROVISIONAL_ASSISTED_REVIEW
london_poi_40056.0::museum,london_poi_40056.0,The Rag Factory,museum,1,not_member,0.85,LABEL_CONFLICT,not_member,0.95,PUBLIC_LABEL_ERROR,Temporary rotating shows and hire/event characteristics fit exhibition venue rather than museum institution.,assistant_first_pass,PROVISIONAL_ASSISTED_REVIEW
london_poi_245946.0::museum,london_poi_245946.0,Zebra Gallery,museum,0,uncertain,0.4,UNCERTAIN,ambiguous,0.5,INSUFFICIENT_EVIDENCE,Gallery name and one brief review are insufficient to determine commercial vs institutional status.,assistant_first_pass,PROVISIONAL_ASSISTED_REVIEW
london_poi_245987.0::museum,london_poi_245987.0,Annroy Gallery,museum,0,uncertain,0.6,UNCERTAIN,ambiguous,0.55,INSUFFICIENT_EVIDENCE,Evidence confirms an art gallery but not whether it is a public interpretive institution or commercial gallery.,assistant_first_pass,PROVISIONAL_ASSISTED_REVIEW
london_poi_61837.0::museum,london_poi_61837.0,White Cube,museum,1,not_member,0.95,HIGH_CONFIDENCE_LABEL_CONFLICT,not_member,0.98,PUBLIC_LABEL_ERROR,Evidence identifies White Cube as a gallery chain; under the ontology commercial contemporary galleries are excluded.,assistant_first_pass,PROVISIONAL_ASSISTED_REVIEW
london_poi_249367.0::museum,london_poi_249367.0,London Sewing Machine Museum,museum,1,uncertain,0.55,UNCERTAIN,ambiguous,0.65,INSUFFICIENT_EVIDENCE,Name says museum but available reviews mostly describe shop/repair activity; evidence is contradictory.,assistant_first_pass,PROVISIONAL_ASSISTED_REVIEW
london_poi_40397.0::museum,london_poi_40397.0,Maureen Paley,museum,1,not_member,0.9,HIGH_CONFIDENCE_LABEL_CONFLICT,not_member,0.95,PUBLIC_LABEL_ERROR,Evidence describes an East London art gallery; under current ontology commercial gallery is excluded.,assistant_first_pass,PROVISIONAL_ASSISTED_REVIEW
london_poi_249762.0::museum,london_poi_249762.0,National Maritime Museum Gardens,museum,1,uncertain,0.65,UNCERTAIN,not_member,0.85,ONTOLOGY_MISMATCH,Entity name is specifically the museum gardens while reviews appear to describe the parent museum; parent/adjacent-entity boundary is unclear.,assistant_first_pass,PROVISIONAL_ASSISTED_REVIEW
london_poi_246559.0::museum,london_poi_246559.0,GV Art,museum,0,uncertain,0.6,UNCERTAIN,not_member,0.8,AGREEMENT_AFTER_REVIEW,Merchandise sales and occasional exhibitions are more consistent with a commercial/gallery space than museum.,assistant_first_pass,PROVISIONAL_ASSISTED_REVIEW
london_poi_247400.0::museum,london_poi_247400.0,Decima Gallery,museum,0,uncertain,0.7,UNCERTAIN,ambiguous,0.5,INSUFFICIENT_EVIDENCE,Gallery name only; no evidence sufficient to establish commercial vs institutional museum-like function.,assistant_first_pass,PROVISIONAL_ASSISTED_REVIEW
london_poi_246079.0::museum,london_poi_246079.0,Gallery One and a Half,museum,0,uncertain,0.5,UNCERTAIN,ambiguous,0.5,INSUFFICIENT_EVIDENCE,One exhibition mention does not establish the gallery's operating model or museum-like status.,assistant_first_pass,PROVISIONAL_ASSISTED_REVIEW
london_poi_246991.0::museum,london_poi_246991.0,Guildhall Art Gallery,museum,0,member,0.95,HIGH_CONFIDENCE_LABEL_CONFLICT,member,0.98,PUBLIC_LABEL_ERROR,"Public collection, historical artworks and Roman amphitheatre exhibit support visitor-oriented museum/gallery institution.",assistant_first_pass,PROVISIONAL_ASSISTED_REVIEW
london_poi_35761.0::museum,london_poi_35761.0,Serpentine Gallery,museum,0,member,0.95,HIGH_CONFIDENCE_LABEL_CONFLICT,member,0.9,PUBLIC_LABEL_ERROR,Public cultural venue with recurring art exhibitions and pavilions; no evidence of commercial gallery activity.,assistant_first_pass,PROVISIONAL_ASSISTED_REVIEW
london_poi_246618.0::museum,london_poi_246618.0,Gallery Vela,museum,0,uncertain,0.5,UNCERTAIN,ambiguous,0.45,INSUFFICIENT_EVIDENCE,Gallery name with virtually no descriptive evidence; commercial vs institutional status unresolved.,assistant_first_pass,PROVISIONAL_ASSISTED_REVIEW
london_poi_246864.0::museum,london_poi_246864.0,The Portable Antiquities Scheme,museum,1,uncertain,0.5,UNCERTAIN,not_member,0.95,PUBLIC_LABEL_ERROR,"The Portable Antiquities Scheme is described as a project/organization, not a visitor museum venue.",assistant_first_pass,PROVISIONAL_ASSISTED_REVIEW
london_poi_35768.0::museum,london_poi_35768.0,South London Gallery,museum,0,member,0.85,LABEL_CONFLICT,member,0.9,PUBLIC_LABEL_ERROR,"Evidence describes a public contemporary-art institution and exhibition venue, not a commercial showroom.",assistant_first_pass,PROVISIONAL_ASSISTED_REVIEW
london_poi_246364.0::museum,london_poi_246364.0,Hepsibah Gallery,museum,0,uncertain,0.5,UNCERTAIN,ambiguous,0.45,INSUFFICIENT_EVIDENCE,Entity is a gallery but evidence does not establish its institutional or commercial nature.,assistant_first_pass,PROVISIONAL_ASSISTED_REVIEW
london_poi_249284.0::museum,london_poi_249284.0,Pond Gallery,museum,0,uncertain,0.5,UNCERTAIN,ambiguous,0.45,INSUFFICIENT_EVIDENCE,Entity is a gallery but review evidence is unrelated to museum function; insufficient classification evidence.,assistant_first_pass,PROVISIONAL_ASSISTED_REVIEW
london_poi_35550.0::museum,london_poi_35550.0,The Photographers' Gallery,museum,0,member,0.85,LABEL_CONFLICT,member,0.95,PUBLIC_LABEL_ERROR,Established public photography exhibition institution with recurring shows; no evidence it is primarily commercial sales.,assistant_first_pass,PROVISIONAL_ASSISTED_REVIEW
london_poi_47267.0::museum,london_poi_47267.0,http Gallery,museum,1,uncertain,0.65,UNCERTAIN,ambiguous,0.55,INSUFFICIENT_EVIDENCE,Evidence shows events/openings and parties but does not establish a museum collection or institutional gallery role.,assistant_first_pass,PROVISIONAL_ASSISTED_REVIEW
london_poi_35762.0::museum,london_poi_35762.0,Kew Bridge Steam Museum,museum,0,member,0.98,HIGH_CONFIDENCE_LABEL_CONFLICT,member,0.99,PUBLIC_LABEL_ERROR,Named museum in a historic pumping house with collection of early steam engines and exhibitions.,assistant_first_pass,PROVISIONAL_ASSISTED_REVIEW
london_poi_40490.0::museum,london_poi_40490.0,Red Gate Gallery,museum,1,not_member,0.85,LABEL_CONFLICT,not_member,0.95,PUBLIC_LABEL_ERROR,Evidence describes an art gallery plus private-event hire; fits commercial/generic exhibition venue exclusion.,assistant_first_pass,PROVISIONAL_ASSISTED_REVIEW
